Mission,Launch site / base (or coordinates),Destination station,Launch (UTC),Mission duration,Landing site (or coordinates),Rocket type,Source URL
Vostok 1,"Baikonur , Site 1/5 45°55′13″N 63°20′32″E ﻿ / ﻿ 45.920278°N 63.342222°E ﻿ / 45.920278; 63.342222",,"April 12, 1961, 06:07 ( 1961-04-12UTC06:07Z ) UTC","1 hour, 48 minutes 1 hour, 46 minutes",51°16′14″N 45°59′50″E ﻿ / ﻿ 51.270682°N 45.99727°E ﻿ / 51.270682; 45.99727 (51.270682; 45.99727),Vostok-K 8K72K,https://en.wikipedia.org/wiki/Vostok%201
Vostok 2,Baikonur 1/5,,"August 6, 1961, 06:00 ( 1961-08-06UTC06Z ) UTC","1 day, 1 hour, 18 minutes",Krasny Kut 50°51′10″N 47°01′14″E ﻿ / ﻿ 50.85276°N 47.02048°E ﻿ / 50.85276; 47.02048 (50.85276; 47.02048),Vostok-K 8K72K,https://en.wikipedia.org/wiki/Vostok%202
Mercury-Atlas 6,Cape Canaveral LC-14,,"February 20, 1962, 14:47:39 ( 1962-02-20UTC14:47:39Z ) UTC","4 hours, 55 minutes, 23 seconds",North Atlantic Ocean 21°20′N 68°40′W ﻿ / ﻿ 21.333°N 68.667°W ﻿ / 21.333; -68.667 (21.333; -68.667),Atlas LV-3B 109-D,https://en.wikipedia.org/wiki/Mercury-Atlas%206
STS-95,"Kennedy , LC-39B",,"29 October 1998, 19:19:34 ( 1998-10-29UTC19:19:34Z ) UTC","9 days, 19 hours, 54 minutes, 2 seconds","Kennedy, SLF Runway 33",,https://en.wikipedia.org/wiki/STS-95
Mercury-Atlas 7,Cape Canaveral LC-14,,"May 24, 1962, 12:45:16 ( 1962-05-24UTC12:45:16Z ) UTC","4 hours, 56 minutes, 5 seconds","North-east of Puerto Rico , Caribbean Sea",Atlas LV-3B 107-D,https://en.wikipedia.org/wiki/Mercury-Atlas%207
Vostok 3,,,,,,,https://en.wikipedia.org/wiki/Vostok%203
Soyuz 9,"Baikonur , Site 31/6",,"1 June 1970, 19:00:00 GMT","17 days, 16 hours, 58 minutes, 55 seconds",Steppes in Kazakhstan,Soyuz,https://en.wikipedia.org/wiki/Soyuz%209
Vostok 4,,,,,,,https://en.wikipedia.org/wiki/Vostok%204
Soyuz 14,Baikonur 1/5,,"3 July 1974, 18:51:08 UTC","15 days, 17 hours and 30 minutes","140 km (87 mi) at the southeast of Dzhezkazgan , Kazakhstan",Soyuz 11A511,https://en.wikipedia.org/wiki/Soyuz%2014
Mercury-Atlas 8,Cape Canaveral LC-14,,"October 3, 1962, 12:15:12 ( 1962-10-03UTC12:15:12Z ) UTC","9 hours, 13 minutes, 15 seconds",Central Pacific Ocean,Atlas LV-3B 113-D,https://en.wikipedia.org/wiki/Mercury-Atlas%208
Gemini 6A,Cape Kennedy LC-19,,"December 15, 1965, 13:37:26 ( 1965-12-15UTC13:37:26Z ) UTC","1 day, 1 hour, 51 minutes, 24 seconds",North Atlantic Ocean 23°35′N 67°50′W ﻿ / ﻿ 23.583°N 67.833°W ﻿ / 23.583; -67.833 (23.583; -67.833),"Titan II GLV , s/n 62-12561",https://en.wikipedia.org/wiki/Gemini%206A
Apollo 7,Cape Kennedy LC-34,,"October 11, 1968, 15:02:45 ( 1968-10-11UTC15:02:45Z ) UTC","10 days, 20 hours, 9 minutes, 3 seconds",North Atlantic Ocean 27°32′N 64°04′W ﻿ / ﻿ 27.533°N 64.067°W ﻿ / 27.533; -64.067 ﻿ ( Apollo 7 splashdown ) (27.533; -64.067),Saturn IB SA-205,https://en.wikipedia.org/wiki/Apollo%207
Mercury-Atlas 9,Cape Canaveral LC-14,,"May 15, 1963, 13:04:13 ( 1963-05-15UTC13:04:13Z ) UTC","34 hours, 19 minutes, 49 seconds","South-east of Midway Island , Pacific Ocean",Atlas LV-3B 130-D,https://en.wikipedia.org/wiki/Mercury-Atlas%209
Gemini 5,Cape Kennedy LC-19,,"August 21, 1965, 13:59:59 ( 1965-08-21UTC13:59:59Z ) UTC","7 days, 22 hours, 55 minutes, 14 seconds",29°47′N 69°45′W ﻿ / ﻿ 29.783°N 69.750°W ﻿ / 29.783; -69.750 ﻿ ( Gemini 5 splashdown ) (29.783; -69.750),"Titan II GLV , s/n 62-12560",https://en.wikipedia.org/wiki/Gemini%205
Vostok 5,Baikonur 1/5,,"14 June 1963, 11:58:58 ( 1963-06-14UTC11:58:58Z ) UTC","4 days, 23 hours, 7 minutes",53°23′52″N 67°36′18″E ﻿ / ﻿ 53.39777°N 67.60500°E ﻿ / 53.39777; 67.60500 (53.39777; 67.60500),Vostok-K 8K72K,https://en.wikipedia.org/wiki/Vostok%205
Soyuz 22,"Baikonur , Site 1/5",,"15 September 1976, 09:48:30 UTC",7 days 21 hours 52 minutes 17 seconds,"150 km at the northwest of Tselinograd , Kazakhstan",Soyuz-U,https://en.wikipedia.org/wiki/Soyuz%2022
Soyuz 31/29,Baikonur 1/5,,"26 August 1978, 14:51:30 ( 1978-08-26UTC14:51:30Z ) UTC","Capsule: 67 days, 20 hours and 12 minutes Original crew: 7 days, 20 hours and 49 minutes",140 km (87 mi) SE of Dzhezkazgan,Soyuz-U,https://en.wikipedia.org/wiki/Soyuz%2031
Vostok 6,Baikonur 1/5,,"16 June 1963, 09:29:52 ( 1963-06-16UTC09:29:52Z ) UTC","2 days, 22 hours, 50 minutes",53°12′34″N 80°48′14″E ﻿ / ﻿ 53.209375°N 80.80395°E ﻿ / 53.209375; 80.80395 (53.209375; 80.80395),Vostok-K 8K72K,https://en.wikipedia.org/wiki/Vostok%206
Voskhod 1,Baikonur 1/5,,"12 October 1964, 07:30:01 ( 1964-10-12UTC07:30:01Z ) UTC","1 day, 17 minutes, 3 seconds",52°2′N 68°8′E ﻿ / ﻿ 52.033°N 68.133°E ﻿ / 52.033; 68.133 (52.033; 68.133),Voskhod 11A57,https://en.wikipedia.org/wiki/Voskhod%201
Soyuz 1,"Baikonur , Site 1/5",,"23 April 1967, 00:35:00 GMT",1 day 2 hours 47 minutes 52 seconds,"3 km west of Karabutak, Orenburg Oblast , Russian SFSR , Soviet Union",Soyuz 11A511 s/n U15000-04,https://en.wikipedia.org/wiki/Soyuz%201
Voskhod 2,Baikonur 1/5,,"18 March 1965, 07:00:00 ( 1965-03-18UTC07Z ) UTC","1 day, 2 hours, 2 minutes, 17 seconds",59°34′N 55°28′E ﻿ / ﻿ 59.567°N 55.467°E ﻿ / 59.567; 55.467 (59.567; 55.467),Voskhod 11A57,https://en.wikipedia.org/wiki/Voskhod%202
Soyuz 19,,,,,,,https://en.wikipedia.org/wiki/Soyuz%2019
Gemini 3,Cape Kennedy LC-19,,"March 23, 1965, 14:24:00 ( 1965-03-23UTC14:24Z ) UTC","4 hours, 52 minutes, 31 seconds",22°26′N 70°51′W ﻿ / ﻿ 22.433°N 70.850°W ﻿ / 22.433; -70.850 ﻿ ( Gemini 3 splashdown ) (22.433; -70.850),"Titan II GLV , s/n 62-12558",https://en.wikipedia.org/wiki/Gemini%203
Gemini 10,Cape Kennedy LC-19,,"July 18, 1966, 22:20:26 ( 1966-07-18UTC22:20:26Z ) UTC","2 days, 22 hours, 46 minutes, 39 seconds",26°45′N 71°57′W ﻿ / ﻿ 26.750°N 71.950°W ﻿ / 26.750; -71.950 ﻿ ( Gemini 10 splashdown ) (26.750; -71.950),"Titan II GLV , s/n #62-12565",https://en.wikipedia.org/wiki/Gemini%2010
Apollo 10,"Kennedy , LC-39B",,"May 18, 1969, 16:49:00 ( 1969-05-18UTC16:49Z ) UTC","8 days, 3 minutes, 23 seconds",Pacific Ocean near American Samoa ( 15°2′S 164°39′W ﻿ / ﻿ 15.033°S 164.650°W ﻿ / -15.033; -164.650 ﻿ ( Apollo 10 splashdown ) ) (-15.033; -164.650),Saturn V SA-505,https://en.wikipedia.org/wiki/Apollo%2010
Apollo 16,Kennedy LC-39 A,,"April 16, 1972, 17:54:00 ( 1972-04-16UTC17:54Z ) UTC","11 days, 1 hour, 51 minutes, 5 seconds",South Pacific Ocean 0°43′S 156°13′W ﻿ / ﻿ 0.717°S 156.217°W ﻿ / -0.717; -156.217 ﻿ ( Apollo 16 splashdown ) (-0.717; -156.217),Saturn V SA-511,https://en.wikipedia.org/wiki/Apollo%2016
STS-1,"Kennedy , LC-39A",,"April 12, 1981, 12:00:04 ( 1981-04-12UTC12:00:04Z ) UTC (07:00:04 am EST )","2 days, 6 hours, 20 minutes, 53 seconds","Edwards , Runway 23",,https://en.wikipedia.org/wiki/STS-1
STS-9,"Kennedy , LC-39A",,"November 28, 1983, 16:00:00 ( 1983-11-28UTC16Z ) UTC (11:00 am EST )","10 days, 12 hours, 47 minutes, 24 seconds","Edwards , Runway 17",,https://en.wikipedia.org/wiki/STS-9
Gemini 4,Cape Kennedy LC-19,,"June 3, 1965, 15:15:59 ( 1965-06-03UTC15:15:59Z ) UTC","4 days, 1 hour, 56 minutes, 12 seconds",North Atlantic Ocean 27°44′N 74°11′W ﻿ / ﻿ 27.733°N 74.183°W ﻿ / 27.733; -74.183 (27.733; -74.183),"Titan II GLV , s/n 62-12559",https://en.wikipedia.org/wiki/Gemini%204
Apollo 9,"Kennedy , LC-39A",,"March 3, 1969, 16:00:00 ( 1969-03-03UTC16Z ) UTC","10 days, 1 hour, 54 seconds",North Atlantic Ocean ( 23°15′N 67°56′W ﻿ / ﻿ 23.250°N 67.933°W ﻿ / 23.250; -67.933 ﻿ ( Apollo 9 splashdown ) ) (23.250; -67.933),Saturn V SA-504,https://en.wikipedia.org/wiki/Apollo%209
Gemini 11,"Cape Kennedy , LC-19",,"September 12, 1966, 14:42:26 ( 1966-09-12UTC14:42:26Z ) UTC (9:42:26 am EST )","2 days, 23 hours, 17 minutes and 9 seconds",Atlantic Ocean ( 24°15′N 70°0′W ﻿ / ﻿ 24.250°N 70.000°W ﻿ / 24.250; -70.000 ﻿ ( Gemini 11 splashdown ) ) (24.250; -70.000),Titan II GLV,https://en.wikipedia.org/wiki/Gemini%2011
Apollo 12,"Kennedy , LC-39A",,"November 14, 1969, 16:22:00 ( 1969-11-14UTC16:22Z ) UTC (11:22 am EST )","10 days, 4 hours, 36 minutes, 24 seconds",South Pacific Ocean ( 15°46.6′S 165°9′W ﻿ / ﻿ 15.7767°S 165.150°W ﻿ / -15.7767; -165.150 ﻿ ( Apollo 12 splashdown ) ) (-15.7767; -165.150),Saturn V SA-507,https://en.wikipedia.org/wiki/Apollo%2012
Skylab 2,"Kennedy , LC-39B",,"13:00, May 25, 1973 (UTC) ( 1973-05-25T13:00:00Z )","28 days, 49 minutes, 49 seconds",24°45′N 127°2′W ﻿ / ﻿ 24.750°N 127.033°W ﻿ / 24.750; -127.033 (24.750; -127.033),Saturn IB SA-206,https://en.wikipedia.org/wiki/Skylab%202
Gemini 7,"Cape Kennedy , LC-19",,"December 4, 1965, 19:30:03 ( 1965-12-04UTC19:30:03Z ) UTC","13 days, 18 hours, 35 minutes, 1 second",Atlantic Ocean southwest of Bermuda ( 25°25′N 70°06′W ﻿ / ﻿ 25.42°N 70.10°W ﻿ / 25.42; -70.10 ﻿ ( Gemini 7 splashdown ) ) (25.42; -70.10),"Titan II GLV , s/n 62-12562",https://en.wikipedia.org/wiki/Gemini%207
Apollo 8,"Kennedy , LC-39A",,"December 21, 1968, 12:51:00 ( 1968-12-21UTC12:51Z ) UTC (7:51 am EST )","6 days, 3 hours, 42 seconds","North Pacific Ocean, southwest of Hawaii , ( 8°8′N 165°1′W ﻿ / ﻿ 8.133°N 165.017°W ﻿ / 8.133; -165.017 ﻿ ( Apollo 8 landing ) ) (8.133; -165.017)",Saturn V SA-503,https://en.wikipedia.org/wiki/Apollo%208
Gemini 12,Cape Kennedy LC-19,,"November 11, 1966, 20:46:33 ( 1966-11-11UTC20:46:33Z ) UTC","3 days, 22 hours, 34 minutes, 31 seconds",24°35′N 69°57′W ﻿ / ﻿ 24.583°N 69.950°W ﻿ / 24.583; -69.950 (24.583; -69.950),Titan II GLV,https://en.wikipedia.org/wiki/Gemini%2012
Apollo 13,Kennedy LC-39A,,"April 11, 1970, 19:13:00 ( 1970-04-11UTC19:13Z ) UTC","5 days, 22 hours, 54 minutes, 41 seconds",South Pacific Ocean 21°38′24″S 165°21′42″W ﻿ / ﻿ 21.64000°S 165.36167°W ﻿ / -21.64000; -165.36167 ﻿ ( Apollo 13 splashdown ) (-21.64000; -165.36167),Saturn V SA-508,https://en.wikipedia.org/wiki/Apollo%2013
gemini 6A,Cape Kennedy LC-19,,"December 15, 1965, 13:37:26 ( 1965-12-15UTC13:37:26Z ) UTC","1 day, 1 hour, 51 minutes, 24 seconds",North Atlantic Ocean 23°35′N 67°50′W ﻿ / ﻿ 23.583°N 67.833°W ﻿ / 23.583; -67.833 (23.583; -67.833),"Titan II GLV , s/n 62-12561",https://en.wikipedia.org/wiki/gemini%206A
Gemini 9A,Cape Kennedy LC-19,,"June 3, 1966, 13:39:33 ( 1966-06-03UTC13:39:33Z ) UTC","3 days, 20 minutes, 50 seconds",27°52′N 75°0′W ﻿ / ﻿ 27.867°N 75.000°W ﻿ / 27.867; -75.000 (27.867; -75.000),"Titan II GLV , s/n #62-12564",https://en.wikipedia.org/wiki/Gemini%209A
Apollo–Soyuz,"Soyuz: Baikonur , Site 1/5 Apollo: Kennedy , LC‑39B",,"Soyuz: 15 July 1975, 12:20:00 ( 1975-07-15UTC12:20Z ) UTC Apollo: 15 July 1975, 19:50:00 ( 1975-07-15UTC19:50Z ) UTC","Soyuz: 5 days, 22 hours, 30 minutes Apollo: 9 days, 1 hour, 28 minutes","Soyuz: Kazakh Steppe ( 50°47′N 67°7′E ﻿ / ﻿ 50.783°N 67.117°E ﻿ / 50.783; 67.117 ﻿ ( Apollo–Soyuz Test Project landing ) ) Apollo: Pacific Ocean , near Hawaii ( 22°0′36″N 163°0′45″W ﻿ / ﻿ 22.01000°N 163.01250°W ﻿ / 22.01000; -163.01250 ﻿ ( Apollo–Soyuz Test Project landing ) ) (50.783; 67.117)",Soyuz: Soyuz-U Apollo: Saturn IB (SA-210),https://en.wikipedia.org/wiki/Apollo%E2%80%93Soyuz
Gemini 8,Cape Kennedy LC-19,,"March 16, 1966, 16:41:02 ( 1966-03-16UTC16:41:02Z ) UTC","10 hours, 41 minutes, 26 seconds",25°14′N 136°0′E ﻿ / ﻿ 25.233°N 136.000°E ﻿ / 25.233; 136.000 (25.233; 136.000),"Titan II GLV , s/n 62-12563",https://en.wikipedia.org/wiki/Gemini%208
Apollo 11,"Kennedy , LC‑39A",,"July 16, 1969, 13:32:00 ( 1969-07-16UTC13:32Z ) UTC (9:32 am EDT )","8 days, 3 hours, 18 minutes, 35 seconds",North Pacific Ocean ( 13°19′N 169°9′W ﻿ / ﻿ 13.317°N 169.150°W ﻿ / 13.317; -169.150 ﻿ ( Apollo 11 splashdown ) ) (13.317; -169.150),Saturn V SA-506,https://en.wikipedia.org/wiki/Apollo%2011
Apollo 15,"Kennedy , LC-39A",,"July 26, 1971, 13:34:00 ( 1971-07-26UTC13:34Z ) UTC","12 days, 7 hours, 11 minutes, 53 seconds",North Pacific Ocean 26°7′N 158°8′W ﻿ / ﻿ 26.117°N 158.133°W ﻿ / 26.117; -158.133 ﻿ ( Apollo 15 splashdown ) (26.117; -158.133),Saturn V SA-510,https://en.wikipedia.org/wiki/Apollo%2015
Apollo 17,"Kennedy , LC-39A",,"December 7, 1972, 05:33:00 ( 1972-12-07UTC05:33Z ) UTC (12:33 am EST )","12 days, 13 hours, 51 minutes, 59 seconds",South Pacific Ocean ( 17°53′S 166°07′W ﻿ / ﻿ 17.88°S 166.11°W ﻿ / -17.88; -166.11 ﻿ ( Apollo 17 splashdown ) ) (-17.88; -166.11),Saturn V SA-512,https://en.wikipedia.org/wiki/Apollo%2017
Salyut 7,,,"19 April 1982, 19:45:00 ( 1982-04-19UTC19:45 ) UTC",,,Proton-K No. 306-02,https://en.wikipedia.org/wiki/Salyut%207
Soyuz 2,"Baikonur , Site 1/5",,"25 October 1968, 09:00 GMT",3 days,"Kazakh Steppe , Kazakhstan",Soyuz,https://en.wikipedia.org/wiki/Soyuz%202
Soyuz 39,Baikonur 1/5,,"22 March 1981, 14:58:55 ( 1981-03-22UTC14:58:55Z ) UTC","7 days, 20 hours, 42 minutes, 3 seconds",175 km SE of Dzhezkazgan,Soyuz-U,https://en.wikipedia.org/wiki/Soyuz%2039
STS-7,"Kennedy , LC-39A",,"June 18, 1983, 11:33:00 ( 1983-06-18UTC11:33Z ) UTC (7:33 am EDT )","6 days, 2 hours, 23 minutes, 59 seconds","Edwards , Runway 15",,https://en.wikipedia.org/wiki/STS-7
STS-41-C,"Kennedy , LC-39A",,"April 6, 1984, 13:58:00 ( 1984-04-06UTC13:58Z ) UTC (8:58 pm EST )","6 days, 23 hours, 40 minutes, 7 seconds","Edwards , Runway 17",,https://en.wikipedia.org/wiki/STS-41-C
STS-41-G,"Kennedy , LC-39A",,"October 5, 1984, 11:03:00 ( 1984-10-05UTC11:03Z ) UTC (7:03 am EDT )","8 days, 5 hours, 23 minutes, 33 seconds","Kennedy, SLF Runway 33",,https://en.wikipedia.org/wiki/STS-41-G
Soyuz 40,Baikonur 1/5,,"14 May 1981, 17:16:38 ( 1981-05-14UTC17:16:38Z ) UTC","7 days, 20 hours and 41 minutes",225 km SE of Dzhezkazgan,Soyuz-U,https://en.wikipedia.org/wiki/Soyuz%2040
STS-2,"Kennedy , LC-39A",,"November 12, 1981, 15:10:00 ( 1981-11-12UTC15:10Z ) UTC (10:10 am EST )","Achieved : 2 days, 6 hours, 13 minutes, 12 seconds Planned : 5 days","Edwards , Runway 23",,https://en.wikipedia.org/wiki/STS-2
STS-51-I,"Kennedy , LC-39A",,"August 27, 1985, 10:58:01 ( 1985-08-27UTC10:58:01Z ) UTC (6:58:01 am EDT )","7 days, 2 hours, 17 minutes, 42 seconds","Edwards , Runway 23",,https://en.wikipedia.org/wiki/STS-51-I
STS-8,"Kennedy , LC-39A",,"August 30, 1983, 06:32:00 ( 1983-08-30UTC06:32Z ) UTC (2:32 am EDT )","6 days, 1 hour, 8 minutes, 43 seconds","Edwards , Runway 22",,https://en.wikipedia.org/wiki/STS-8
STS-3,"Kennedy , LC-39A",,"March 22, 1982, 16:00:00 ( 1982-03-22UTC16Z ) UTC (11:00 am EST )","8 days, 4 minutes, 46 seconds","White Sands , Northrop Strip Runway 17",,https://en.wikipedia.org/wiki/STS-3
STS-51-F,"Kennedy , LC-39A",,"21:00, July 29, 1985 (UTC) ( 1985-07-29T21:00:00Z ) (5:00 pm EDT )","7 days, 22 hours, 45 minutes, 26 seconds","Edwards , Runway 23",,https://en.wikipedia.org/wiki/STS-51-F
Mir Aragatz,,,,,,,https://en.wikipedia.org/wiki/Mir%20Aragatz
STS-86,"Kennedy , LC-39A",,"26 September 1997, 02:34:19 ( 1997-09-26UTC02:34:19Z ) UTC","10 days, 19 hours, 22 minutes, 12 seconds","Kennedy, SLF Runway 15",,https://en.wikipedia.org/wiki/STS-86
STS-4,"Kennedy , LC-39A",,"15:00, June 27, 1982 (UTC) ( 1982-06-27T15:00:00Z ) (11:00 am EDT )","7 days, 1 hour, 9 minutes, 31 seconds","Edwards , Runway 22",,https://en.wikipedia.org/wiki/STS-4
STS-41-D,"Kennedy , LC-39A",,"August 30, 1984, 12:41:50 ( 1984-08-30UTC12:41:50Z ) UTC (8:41:50 am EDT )","6 days, 56 minutes, 4 seconds","Edwards , Runway 17",,https://en.wikipedia.org/wiki/STS-41-D
STS-61-A,"Kennedy , LC-39A",,"October 30, 1985, 17:00:00 ( 1985-10-30UTC17Z ) UTC (12:00 pm EST )","7 days, 44 minutes, 51 seconds","Edwards , Runway 17",,https://en.wikipedia.org/wiki/STS-61-A
Soyuz 3,"Baikonur , Site 31/6",,"26 October 1968, 08:34:18 GMT",3 days 22 hours 50 minutes 45 seconds,"Karaganda , Kazakhstan",Soyuz,https://en.wikipedia.org/wiki/Soyuz%203
Soyuz 4,"Baikonur , Site 31/6",,"14 January 1969, 07:30:00 GMT",2 days 23 hours 20 minutes 47 seconds,"100 km at the southwest of Karaganda , Kazakhstan",Soyuz,https://en.wikipedia.org/wiki/Soyuz%204
Soyuz 8,"Baikonur , Site 31/6",,"13 October 1969, 10:19:09 GMT",4 days 22 hours 50 minutes 49 seconds,"Kazakh Steppe , Kazakhstan",Soyuz,https://en.wikipedia.org/wiki/Soyuz%208
Soyuz 10,Baikonur 1/5,,"22 April 1971, 23:54:06 GMT","1 day, 23 hours and 46 minutes","120 km northeast of Karaganda , Kazakhstan",Soyuz 11A511,https://en.wikipedia.org/wiki/Soyuz%2010
Soyuz 5,"Baikonur , Site 1/5",,"15 January 1969, 07:04:57 GMT",3 days 54 minutes 15 seconds,"Ural Mountains at 200 km of the southeast of Kostanay , near Orenburg , Kazakhstan",Soyuz,https://en.wikipedia.org/wiki/Soyuz%205
Soyuz 21,Baikonur 1/5,,"6 July 1976, 12:08:45 UTC","49 days, 6 hours and 23 minutes","200 km at the southwest of Kokshetau , Kazakhstan",Soyuz 11A511,https://en.wikipedia.org/wiki/Soyuz%2021
Soyuz 5/4,"Baikonur , Site 1/5",,"15 January 1969, 07:04:57 GMT",3 days 54 minutes 15 seconds,"Ural Mountains at 200 km of the southeast of Kostanay , near Orenburg , Kazakhstan",Soyuz,https://en.wikipedia.org/wiki/Soyuz%205
apollo 9,"Kennedy , LC-39A",,"March 3, 1969, 16:00:00 ( 1969-03-03UTC16Z ) UTC","10 days, 1 hour, 54 seconds",North Atlantic Ocean ( 23°15′N 67°56′W ﻿ / ﻿ 23.250°N 67.933°W ﻿ / 23.250; -67.933 ﻿ ( Apollo 9 splashdown ) ) (23.250; -67.933),Saturn V SA-504,https://en.wikipedia.org/wiki/apollo%209
Soyuz 6,"Baikonur , Site 31/6",,"11 October 1969, 11:10:00 GMT",4 days 22 hours 42 minutes 47 seconds,"180 km at northwest of Karaganda , Kazakhstan",Soyuz,https://en.wikipedia.org/wiki/Soyuz%206
Soyuz 36/35,Baikonur 31/6,,"26 May 1980, 18:20:39 ( 1980-05-26UTC18:20:39Z ) UTC","65 days, 20 hours, 54 minutes, 23 seconds",140 kilometres (87 mi) SE of Dzhezkazgan,Soyuz-U,https://en.wikipedia.org/wiki/Soyuz%2036
Soyuz 7,"Baikonur , Site 1/5",,"12 October 1969, 10:44:42 GMT",4 days 22 hours 40 minutes 23 seconds,"155 km at the northwest of Karaganda , Kazakhstan",Soyuz,https://en.wikipedia.org/wiki/Soyuz%207
Soyuz 16,Baikonur 1/5,,"2 December 1974, 09:40:00 UTC","5 days, 22 hours and 23 minutes","30 km (19 mi) of the northeast of Arkalyk , Kazakhstan",Soyuz-U,https://en.wikipedia.org/wiki/Soyuz%2016
Soyuz 11,"Baikonur , Site 1/5",,"04:55:09, 6 June 1971 (UTC) ( 1971-06-06T04:55:09Z )","23 days, 18 hours, 21 minutes, 43 seconds","90 km (56 mi) southwest of Karazhal , Karaganda Oblast , Kazakh SSR , Soviet Union ( 47°21′23″N 70°07′16″E ﻿ / ﻿ 47.35639°N 70.12111°E ﻿ / 47.35639; 70.12111 ) (47.35639; 70.12111)",Soyuz,https://en.wikipedia.org/wiki/Soyuz%2011
Soyuz 24,"Baikonur , Site 1/5",,"7 February 1977, 16:11 UTC",17 days 17 hours 26 minutes,"37 km at the northeast of Arkalyk , Kazakhstan",Soyuz-U,https://en.wikipedia.org/wiki/Soyuz%2024
Soyuz 37/36,Baikonur 1/5,,"July 23, 1980, 18:33:03 ( 1980-07-23UTC18:33:03Z ) UTC","79 days, 15 hours, 16 minutes, 54 seconds",180 kilometres (110 mi) SE of Dzhezkazgan,Soyuz-U,https://en.wikipedia.org/wiki/Soyuz%2037
Skylab 3,Kennedy LC-39B,,"July 28, 1973 ; 52 years ago ( July 28, 1973 )","59 days, 11 hours, 09 minutes, 01 seconds",30°47′N 120°29′W ﻿ / ﻿ 30.783°N 120.483°W ﻿ / 30.783; -120.483 (30.783; -120.483),Saturn IB SA-207,https://en.wikipedia.org/wiki/Skylab%203
Soyuz 18,"Baikonur , Site 1/5",,"24 May 1975, 14:58:10 UTC",62 days 23 hours 20 minutes 8 seconds,"56 km at the east of Arkalyk , Kazakhstan 51°N 68°E ﻿ / ﻿ 51°N 68°E ﻿ / 51; 68 (51; 68)",Soyuz-U,https://en.wikipedia.org/wiki/Soyuz%2018
Apollo 14,Kennedy LC-39 A,,"January 31, 1971, 21:03:02 ( 1971-01-31UTC21:03:02Z ) UTC","9 days, 1 minute, 58 seconds",South Pacific Ocean 27°1′S 172°39′W ﻿ / ﻿ 27.017°S 172.650°W ﻿ / -27.017; -172.650 ﻿ ( Apollo 14 splashdown ) (-27.017; -172.650),Saturn V SA-509,https://en.wikipedia.org/wiki/Apollo%2014
Soyuz 33,Baikonur 1/5,,"April 10, 1979, 17:34:34 ( 1979-04-10UTC17:34:34Z ) UTC","1 day, 23 hours and 1 minute",320 km (200 mi) SE of Dzhezkazgan,Soyuz-U,https://en.wikipedia.org/wiki/Soyuz%2033
STS-151-C,,,,,,,https://en.wikipedia.org/wiki/STS-3
Skylab-2,,,,,,,https://en.wikipedia.org/wiki/Skylab-2
STS-6,"Kennedy , LC-39A",,"April 4, 1983, 18:30:00 ( 1983-04-04UTC18:30Z ) UTC (1:30 pm EST )","5 days, 23 minutes, 42 seconds","Edwards , Runway 22",,https://en.wikipedia.org/wiki/STS-6
Soyuz 12,"Baikonur , Site 1/5",,"27 September 1973, 12:18:16 UTC",1 day 23 hours 15 minutes 32 seconds,"400 km at the southwest of Karaganda , Kazakhstan",Soyuz,https://en.wikipedia.org/wiki/Soyuz%2012
Soyuz 27/26,"Baikonur , Site 1/5",,"10 January 1978, 12:26:00 UTC",65 days,310 km at west of Tselinograd,Soyuz-U s/n D15000-106,https://en.wikipedia.org/wiki/Soyuz%2027
Soyuz T3,,,,,,,"https://en.wikipedia.org/wiki/List_of_fictional_astronauts_(modern_period,_works_released_1975%E2%80%931989)"
Skylab 4,Kennedy LC-39B,,"November 16, 1973, 14:01:23 ( 1973-11-16UTC14:01:23Z ) UTC","84 days, 1 hour, 15 minutes, 30 seconds",31°18′N 119°48′W ﻿ / ﻿ 31.300°N 119.800°W ﻿ / 31.300; -119.800 (31.300; -119.800),Saturn IB SA-208,https://en.wikipedia.org/wiki/Skylab%204
Soyuz 13,"Baikonur , Site 1/5",,"18 December 1973, 11:55:00 UTC",7 days 20 hours 55 minutes 35 seconds,"200 km at the southwest of Karaganda , Kazakhstan",Soyuz,https://en.wikipedia.org/wiki/Soyuz%2013
Saluyt 4,,,,,,,https://en.wikipedia.org/wiki/Salyut_4
Saluyt 6,,,,,,,https://en.wikipedia.org/wiki/Salyut_6
Soyuz 15,Baikonur 1/5,,"26 August 1974, 19:58:05 UTC","2 days, 12 minutes",48 km (30 mi) at the southwest of Tselinograd,Soyuz 11A511,https://en.wikipedia.org/wiki/Soyuz%2015
Salyut 4,,,"December 26, 1974 04:15:00 UTC",,,,https://en.wikipedia.org/wiki/Salyut%204
Salyut 6,,,"29 September 1977, 06:50:00 ( 1977-09-29UTC06:50 ) UTC",,,,https://en.wikipedia.org/wiki/Salyut%206
STS-5,"Kennedy , LC-39A",,"November 11, 1982, 11:19:00 ( 1982-11-11UTC11:19Z ) UTC (7:19:00 am EST )","5 days, 2 hours, 14 minutes, 26 seconds","Edwards , Runway 22",,https://en.wikipedia.org/wiki/STS-5
STS-41-B,"Kennedy , LC-39A",,"February 3, 1984, 13:00:00 ( 1984-02-03UTC13Z ) UTC (8:00 am EST )","7 days, 23 hours, 15 minutes, 55 seconds","Kennedy, SLF Runway 15",,https://en.wikipedia.org/wiki/STS-41-B
STS-35,"Kennedy , LC-39B",,"December 2, 1990, 06:49:01 ( 1990-12-02UTC06:49:01Z ) UTC (1:49:01 am EST )","8 days, 23 hours, 5 minutes, 8 seconds","Edwards , Runway 22",,https://en.wikipedia.org/wiki/STS-35
Soyuz T2,,,,,,,https://en.wikipedia.org/wiki/T2
Soyuz 23,"Baikonur , Site 1/5",,"14 October 1976, 17:39:18 UTC",2 days 6 minutes 35 seconds,"Lake Tengiz , Kazakhstan",Soyuz,https://en.wikipedia.org/wiki/Soyuz%2023
Soyuz 25,Baikonur 1/5,,"October 9, 1977, 02:40:35 ( 1977-10-09UTC02:40:35Z ) UTC","2 days, 44 minutes, 45 seconds",185 kilometres (115 mi) NW of Tselinograd,Soyuz-U,https://en.wikipedia.org/wiki/Soyuz%2025
STS 91,"Kennedy , LC-39A",,"2 June 1998, 22:06:24 ( 1998-06-02UTC22:06:24Z ) UTC","9 days, 19 hours, 54 minutes, 2 seconds","Kennedy, SLF Runway 15",,https://en.wikipedia.org/wiki/STS%2091
Soyuz 26/27,Baikonur 1/5,,"10 December 1977, 01:18:40 ( 1977-12-10UTC01:18:40Z ) UTC","37 days, 10 hours, 6 minutes, 18 seconds",265 kilometres (165 mi) W of Tselinograd,Soyuz-U,https://en.wikipedia.org/wiki/Soyuz%2026
Soyuz 38,Baikonur 1/5,,"September 18, 1980, 19:11:03 ( 1980-09-18UTC19:11:03Z ) UTC","7 days, 20 hours, 43 minutes, 24 seconds",175 km SE of Dzhezkazgan,Soyuz-U,https://en.wikipedia.org/wiki/Soyuz%2038
Soyuz 28,Baikonur 1/5,,"2 March 1978, 15:28:10 ( 1978-03-02UTC15:28:10Z ) UTC","7 days, 22 hours and 16 minutes",51°03′N 66°42′E ﻿ / ﻿ 51.05°N 66.7°E ﻿ / 51.05; 66.7 (51.05; 66.7),Soyuz-U,https://en.wikipedia.org/wiki/Soyuz%2028
Soyuz 30,Baikonur 1/5,,"27 June 1978, 15:27:21 ( 1978-06-27UTC15:27:21Z ) UTC","7 days, 22 hours and 2 minutes",300 km (190 mi) W of Tselinograd,Soyuz-U,https://en.wikipedia.org/wiki/Soyuz%2030
Soyuz 31,Baikonur 1/5,,"26 August 1978, 14:51:30 ( 1978-08-26UTC14:51:30Z ) UTC","Capsule: 67 days, 20 hours and 12 minutes Original crew: 7 days, 20 hours and 49 minutes",140 km (87 mi) SE of Dzhezkazgan,Soyuz-U,https://en.wikipedia.org/wiki/Soyuz%2031
Soyuz 3,"Baikonur , Site 31/6",,"26 October 1968, 08:34:18 GMT",3 days 22 hours 50 minutes 45 seconds,"Karaganda , Kazakhstan",Soyuz,https://en.wikipedia.org/wiki/Soyuz%203
Soyuz 1,"Baikonur , Site 1/5",,"23 April 1967, 00:35:00 GMT",1 day 2 hours 47 minutes 52 seconds,"3 km west of Karabutak, Orenburg Oblast , Russian SFSR , Soviet Union",Soyuz 11A511 s/n U15000-04,https://en.wikipedia.org/wiki/Soyuz%201
Soyuz T8,,,,,,,https://en.wikipedia.org/wiki/Sukhoi_Su-25
Soyuz 7,"Baikonur , Site 1/5",,"12 October 1969, 10:44:42 GMT",4 days 22 hours 40 minutes 23 seconds,"155 km at the northwest of Karaganda , Kazakhstan",Soyuz,https://en.wikipedia.org/wiki/Soyuz%207
Soyuz 18,"Baikonur , Site 1/5",,"24 May 1975, 14:58:10 UTC",62 days 23 hours 20 minutes 8 seconds,"56 km at the east of Arkalyk , Kazakhstan 51°N 68°E ﻿ / ﻿ 51°N 68°E ﻿ / 51; 68 (51; 68)",Soyuz-U,https://en.wikipedia.org/wiki/Soyuz%2018
Soyuz 5,"Baikonur , Site 1/5",,"15 January 1969, 07:04:57 GMT",3 days 54 minutes 15 seconds,"Ural Mountains at 200 km of the southeast of Kostanay , near Orenburg , Kazakhstan",Soyuz,https://en.wikipedia.org/wiki/Soyuz%205
Soyuz 14,Baikonur 1/5,,"3 July 1974, 18:51:08 UTC","15 days, 17 hours and 30 minutes","140 km (87 mi) at the southeast of Dzhezkazgan , Kazakhstan",Soyuz 11A511,https://en.wikipedia.org/wiki/Soyuz%2014
STS-51-B,"Kennedy , LC-39A",,"April 29, 1985, 16:02:18 ( 1985-04-29UTC16:02:18Z ) UTC (12:02:18 pm EDT )","7 days, 8 minutes, 46 seconds","Edwards , Runway 17",,https://en.wikipedia.org/wiki/STS-51-B
STS-51-A,"Kennedy , LC-39A",,"November 8, 1984, 12:15:00 ( 1984-11-08UTC12:15Z ) UTC (7:15 am EST )","7 days, 23 hours, 44 minutes, 56 seconds","Kennedy, SLF Runway 15",,https://en.wikipedia.org/wiki/STS-51-A
STS-51-D,"Kennedy , LC-39A",,"April 12, 1985, 13:59:05 ( 1985-04-12UTC13:59:05Z ) UTC (8:59:05 am EST )","6 days, 23 hours, 55 minutes, 23 seconds","Kennedy, SLF Runway 33",,https://en.wikipedia.org/wiki/STS-51-D
STS-51-J,"Kennedy , LC-39A",,"October 3, 1985, 15:15:30 ( 1985-10-03UTC15:15:30Z ) UTC (11:15:30 am EDT )","4 days, 1 hour, 44 minutes and 38 seconds","Edwards , Runway 23",,https://en.wikipedia.org/wiki/STS-51-J
STS-51F,,,,,,,https://en.wikipedia.org/wiki/STS-51F
STS-33,"Kennedy , LC-39B",,"November 23, 1989, 00:23:30 ( 1989-11-23UTC00:23:30Z ) UTC (7:23 pm EST )","5 days, 6 minutes, 48 seconds","Edwards , Runway 4",,https://en.wikipedia.org/wiki/STS-33
STS-44,"Kennedy , LC-39A",,"November 24, 1991, 23:44:00 ( 1991-11-24UTC23:44Z ) UTC (6:44 pm EST )","6 days, 22 hours, 50 minutes, 43 seconds","Edwards , Runway 5",,https://en.wikipedia.org/wiki/STS-44
STS-61,"Kennedy Space Center , LC-39B",,"December 2, 1993, 09:27:00 UTC","10 days, 19 hours, 58 minutes, 33 seconds (achieved)","Kennedy Space Center , SLF Runway 33",Space Shuttle Endeavour,https://en.wikipedia.org/wiki/STS-61
STS-80,"Kennedy , LC-39B",,"November 19, 1996, 19:55:47 ( 1996-11-19UTC19:55:47Z ) UTC (2:55:47 pm EST )","17 days, 15 hours, 53 minutes, 17 seconds","Kennedy, SLF Runway 33",,https://en.wikipedia.org/wiki/STS-80
STS63,"Kennedy , LC-39B",,"February 3, 1995, 05:22:04 ( 1995-02-03UTC05:22:04Z ) UTC (12:22:04 am EST )","8 days, 6 hours, 28 minutes, 15 seconds","Kennedy, SLF Runway 15",,https://en.wikipedia.org/wiki/STS%2063
STS-24,,,,,,,https://en.wikipedia.org/wiki/Synchronous_optical_networking
STS-26,"Kennedy , LC-39B",,"September 29, 1988, 15:37:00 ( 1988-09-29UTC15:37Z ) UTC (11:37 am EDT )","4 days, 1 hour, 11 seconds","Edwards , Runway 17",,https://en.wikipedia.org/wiki/STS-26
STS-51-G,"Kennedy , LC-39A",,"June 17, 1985, 11:33:00 ( 1985-06-17UTC11:33Z ) UTC (7:33 am EDT )","7 days, 1 hour, 38 minutes, 52 seconds","Edwards , Runway 23",,https://en.wikipedia.org/wiki/STS-51-G
STS-51B,,,,,,,https://en.wikipedia.org/wiki/STS-51B
STS-30,"Kennedy , LC-39B",,"May 4, 1989, 18:46:59 ( 1989-05-04UTC18:46:59Z ) UTC (2:46:59 pm EDT )","4 days, 56 minutes, 27 seconds","Edwards , Runway 22",,https://en.wikipedia.org/wiki/STS-30
STS-42,"Kennedy , LC-39A",,"January 22, 1992, 14:52:33 ( 1992-01-22UTC14:52:33Z ) UTC (9:52:33 am EDT )","8 days, 1 hour, 14 minutes, 44 seconds","Edwards , Runway 22",,https://en.wikipedia.org/wiki/STS-42
STS-32,Kennedy Space Center Launch Complex 39A,,"January 9, 1990, 12:35:00 ( 1990-01-09UTC12:35Z ) UTC (7:35 am EST )","10 days, 21 hours, 36 seconds","Edwards Air Force Base , Runway 22",,https://en.wikipedia.org/wiki/STS-32
STS-49,"Kennedy , LC-39B",,"May 7, 1992, 23:40:00 ( 1992-05-07UTC23:40Z ) UTC (7:40 pm EDT )","8 days, 21 hours, 17 minutes, 39 seconds","Edwards , Runway 22",,https://en.wikipedia.org/wiki/STS-49
STS-39,"Kennedy , LC-39A",,"April 28, 1991, 11:33:14 ( 1991-04-28UTC11:33:14Z ) UTC (7:33:14 am EDT )","8 days, 7 hours, 22 minutes, 23 seconds","Kennedy, SLF Runway 15",,https://en.wikipedia.org/wiki/STS-39
STS-53,"Kennedy , LC-39A",,"December 2, 1992, 13:24:00 ( 1992-12-02UTC13:24Z ) UTC (8:24 am EST )","7 days, 7 hours, 19 minutes, 17 seconds","Edwards , Runway 22",,https://en.wikipedia.org/wiki/STS-53
STS-51A,,,,,,,https://en.wikipedia.org/wiki/STS-51A
STS-61-B,"Kennedy , LC-39A",,"November 27, 1985, 00:29:00 ( 1985-11-27UTC00:29Z ) UTC (7:29 pm EST )","6 days, 21 hours, 4 minutes, 49 seconds","Edwards , Runway 22",,https://en.wikipedia.org/wiki/STS-61-B
STS-28,"Kennedy , LC-39B",,"August 8, 1989, 12:37:00 ( 1989-08-08UTC12:37Z ) UTC (8:37 am EDT )","5 days, 1 hour, 8 seconds","Edwards , Runway 17",,https://en.wikipedia.org/wiki/STS-28
Spacelab 1,,,,,,,https://en.wikipedia.org/wiki/Spacelab%201
Atlas-1,,,,,,,
Euromir 94,,,,,,,https://en.wikipedia.org/wiki/Ulf_Merbold
STS-61-C,"Kennedy , LC-39A",,"January 12, 1986, 11:55:00 ( 1986-01-12UTC11:55Z ) UTC (6:55 am EST )","6 days, 2 hours, 3 minutes, 51 seconds","Edwards , Runway 22",,https://en.wikipedia.org/wiki/STS-61-C
STS-27,"Kennedy , LC-39B",,"December 2, 1988, 14:30:34 ( 1988-12-02UTC14:30:34Z ) UTC (9:30:34 am EST )","4 days, 9 hours, 5 minutes and 37 seconds","Edwards , Runway 17",,https://en.wikipedia.org/wiki/STS-27
STS-47,"Kennedy , LC-39B",,"September 12, 1992, 14:23:00 ( 1992-09-12UTC14:23Z ) UTC (10:23 am EDT )","7 days, 22 hours, 30 minutes, 24 seconds","Kennedy, SLF Runway 33",,https://en.wikipedia.org/wiki/STS-47
STS-71,"Kennedy , LC-39A",,"June 27, 1995, 19:32:19 ( 1995-06-27UTC19:32:19Z ) UTC","9 days, 19 hours, 23 minutes, 9 seconds","Kennedy, SLF Runway 15",,https://en.wikipedia.org/wiki/STS-71
STS-51-L,"Kennedy , LC-39B",,"January 28, 1986, 16:38:00 ( 1986-01-28UTC16:38 ) UTC (11:38 am EST )",6 days and 34 minutes (planned) 1 minute and 13 seconds (achieved),"Kennedy, SLF Runway 33 (planned)",,https://en.wikipedia.org/wiki/STS-51-L
STS-41 B,,,,,,,https://en.wikipedia.org/wiki/STS%2041
STS-51 J,,,,,,,https://en.wikipedia.org/wiki/STS%2051
STS-31,"Kennedy , LC-39B",,"April 24, 1990, 12:33:51 ( 1990-04-24UTC12:33:51Z ) UTC (8:33:51 am EDT )","5 days, 1 hour, 16 minutes, 6 seconds","Edwards , Runway 22",,https://en.wikipedia.org/wiki/STS-31
STS-41 C,,,,,,,https://en.wikipedia.org/wiki/STS%2041
STS-51I,,,,,,,https://en.wikipedia.org/wiki/STS-51I
STS-41C,,,,,,,https://en.wikipedia.org/wiki/STS-41C
STS-61C,,,,,,,https://en.wikipedia.org/wiki/STS-61C
STS-29,"Kennedy , LC-39B",,"March 13, 1989, 14:57:00 ( 1989-03-13UTC14:57Z ) UTC (9:57 am EST )","4 days, 23 hours, 38 minutes, 50 seconds","Edwards , Runway 22",,https://en.wikipedia.org/wiki/STS-29
STS-41D,,,,,,,https://en.wikipedia.org/wiki/STS-41D
STS-36,"Kennedy , LC-39A",,"February 28, 1990, 07:50:22 UTC (2:50:22 am EST )","4 days, 10 hours, 18 minutes, 22 seconds","Edwards , Runway 23",,https://en.wikipedia.org/wiki/STS-36
STS-82,"Kennedy , LC-39A",,"February 11, 1997, 08:55:17 ( 1997-02-11UTC08:55:17Z ) UTC","9 days, 23 hours, 38 minutes, 9 seconds","Kennedy, SLF Runway 15",,https://en.wikipedia.org/wiki/STS-82
STS-93,"Kennedy , LC-39B",,"23 July 1999, 04:31:00 ( 1999-07-23UTC04:31Z ) UTC","4 days, 22 hours, 49 minutes, 34 seconds","Kennedy, SLF Runway 33",,https://en.wikipedia.org/wiki/STS-93
STS-51D,,,,,,,https://en.wikipedia.org/wiki/STS-51D
STS-61B,,,,,,,https://en.wikipedia.org/wiki/STS-61B
STS-45,"Kennedy , LC-39A",,"March 24, 1992, 13:13:39 ( 1992-03-24UTC13:13:39Z ) UTC (8:13:39 am EST )","8 days, 22 hours, 9 minutes, 27 seconds","Kennedy, SLF Runway 33",,https://en.wikipedia.org/wiki/STS-45
STS-77,"Kennedy , LC-39B",,"19 May 1996, 10:30:00.066 ( 1996-05-19UTC10:30Z ) UTC","10 days, 40 minutes, 10 seconds","Kennedy, SLF Runway 33",,https://en.wikipedia.org/wiki/STS-77
STS-97,"Kennedy , LC-39B",,"1 December 2000, 03:06 ( 2000-12-01UTC03:06Z ) UTC","10 days, 19 hours, 58 minutes, 20 seconds","Kennedy, SLF Runway 15",,https://en.wikipedia.org/wiki/STS-97
STS-69,"Kennedy , LC-39A",,"7 September 1995, 15:09:00 ( 1995-09-07UTC15:09Z ) UTC","10 days, 20 hours, 29 minutes, 56 seconds","Kennedy, SLF Runway 33",,https://en.wikipedia.org/wiki/STS-69
STS-51-C,"Kennedy , LC-39A",,"January 24, 1985, 19:50:00 ( 1985-01-24UTC19:50Z ) UTC (2:50 pm EST )","3 days, 1 hour, 33 minutes, 23 seconds","Kennedy, SLF Runway 15",,https://en.wikipedia.org/wiki/STS-51-C
STS-46,"Kennedy , LC-39B",,"July 31, 1992, 13:56:48 ( 1992-07-31UTC13:56:48Z ) UTC (9:56:48 am EDT )","7 days, 23 hours, 15 minutes, 2 seconds","Kennedy, SLF Runway 33",,https://en.wikipedia.org/wiki/STS-46
STS 51-C,,,,,,,
STS 51-L,,,,,,,
STS-48,"Kennedy , LC-39A",,"September 12, 1991, 23:11:04 ( 1991-09-12UTC23:11:04Z ) UTC (7:11:04 pm EDT )","5 days, 8 hours, 27 minutes, 38 seconds","Edwards , Runway 22",,https://en.wikipedia.org/wiki/STS-48
STS-51C,,,,,,,
STS-34,"Kennedy , LC-39B",,"October 18, 1989, 16:53:40 ( 1989-10-18UTC16:53:40Z ) UTC (12:53:40 pm EDT )","4 days, 23 hours, 39 minutes, 20 seconds","Edwards , Runway 23",,https://en.wikipedia.org/wiki/STS-34
STS-40,"Kennedy , LC-39B",,"June 5, 1991, 13:24:51 ( 1991-06-05UTC13:24:51Z ) UTC (9:24:51 am EDT )","9 days, 2 hours, 14 minutes, 20 seconds","Edwards , Runway 22",,https://en.wikipedia.org/wiki/STS-40
STS-58,"Kennedy , LC-39B",,"October 18, 1993, 14:53:10 ( 1993-10-18UTC14:53:10Z ) UTC (10:53:10 am EDT )","14 days, 12 minutes, 32 seconds","Edwards , Runway 22",,https://en.wikipedia.org/wiki/STS-58
STS-75,"Kennedy , LC-39B",,"22 February 1996, 20:18:00 ( 1996-02-22UTC20:18Z ) UTC","15 days, 17 hours, 40 minutes, 22 seconds","Kennedy, SLF Runway 33",,https://en.wikipedia.org/wiki/STS-75
Spacelab-3,,,,,,,
spacelab-3,,,,,,,
STS-51G,,,,,,,
STS-61A,,,,,,,
STS-37,"Kennedy , LC-39B",,"April 5, 1991, 14:22:45 ( 1991-04-05UTC14:22:45Z ) UTC (9:22:45 am EST )","5 days, 23 hours, 32 minutes, 44 seconds","Edwards , Runway 33",,https://en.wikipedia.org/wiki/STS-37
STS-55,"Kennedy , LC-39A",,"April 26, 1993, 14:50:00 ( 1993-04-26UTC14:50Z ) UTC (10:50 am EDT )","9 days, 23 hours, 39 minutes, 59 seconds","Edwards , Runway 22",,https://en.wikipedia.org/wiki/STS-55
STS-43,"Kennedy , LC-39A",,"August 2, 1991, 15:02:00 ( 1991-08-02UTC15:02Z ) UTC (11:02 am EDT )","8 days, 21 hours, 21 minutes, 25 seconds","Kennedy, SLF Runway 15",,https://en.wikipedia.org/wiki/STS-43
STS-22,,,,,,,
Spacelab-2,,,,,,,
STS-38,"Kennedy , LC-39A",,"November 15, 1990, 23:48:15 ( 1990-11-15UTC23:48:15Z ) UTC (6:48:15 pm EST )","4 days, 21 hours, 54 minutes, 31 seconds","Kennedy, SLF Runway 33",,https://en.wikipedia.org/wiki/STS-38
Soyuz 4,"Baikonur , Site 31/6",,"14 January 1969, 07:30:00 GMT",2 days 23 hours 20 minutes 47 seconds,"100 km at the southwest of Karaganda , Kazakhstan",Soyuz,https://en.wikipedia.org/wiki/Soyuz%204
Soyuz 10,Baikonur 1/5,,"22 April 1971, 23:54:06 GMT","1 day, 23 hours and 46 minutes","120 km northeast of Karaganda , Kazakhstan",Soyuz 11A511,https://en.wikipedia.org/wiki/Soyuz%2010
STS-57,"Kennedy , LC-39B",,"June 21, 1993, 13:07:22 ( 1993-06-21UTC13:07:22Z ) UTC (9:07:22 am EDT )","9 days, 23 hours, 44 minutes, 54 seconds","Kennedy, SLF Runway 33",,https://en.wikipedia.org/wiki/STS-57
STS-50,"Kennedy , LC-39A",,"June 25, 1992, 16:12:23 ( 1992-06-25UTC16:12:23Z ) UTC (12:12:23 pm EDT )","13 days, 19 hours, 30 minutes, 4 seconds","Kennedy, SLF Runway 33",,https://en.wikipedia.org/wiki/STS-50
STS-89,"Kennedy , LC-39A",,"23 January 1998, 02:48:15 ( 1998-01-23UTC02:48:15Z ) UTC","8 days, 19 hours, 48 minutes, 4 seconds","Kennedy, SLF Runway 15",,https://en.wikipedia.org/wiki/STS-89
STS-61B Atlantis,,,,,,,
STS-40 Columbia,,,,,,,
STS-74,"Kennedy , LC-39A",,"12 November 1995, 12:30:43.071 ( 1995-11-12UTC12:30:43Z ) UTC","8 days, 04 hours, 31 minutes, 42 seconds","Kennedy, SLF Runway 15",,https://en.wikipedia.org/wiki/STS-74
STS-88,"Kennedy , LC-39A",,"4 December 1998, 08:35:34 ( 1998-12-04UTC08:35:34Z ) UTC","11 days, 19 hours, 18 minutes, 47 seconds.","Kennedy, SLF Runway 15",,https://en.wikipedia.org/wiki/STS-88
STS-110,"Kennedy , LC-39B",,8 April 2002 20:44:19 ( 2002-04-08UTC20:44:19Z ) UTC,"10 days, 19 hours, 43 minutes, 38 seconds","Kennedy, SLF Runway 33",,https://en.wikipedia.org/wiki/STS-110
STS-60,"Kennedy , LC-39A",,"February 3, 1994, 12:10:00 UTC","8 days, 7 hours, 9 minutes, 22 seconds","Kennedy, SLF Runway 15",,https://en.wikipedia.org/wiki/STS-60
STS-91,"Kennedy , LC-39A",,"2 June 1998, 22:06:24 ( 1998-06-02UTC22:06:24Z ) UTC","9 days, 19 hours, 54 minutes, 2 seconds","Kennedy, SLF Runway 15",,https://en.wikipedia.org/wiki/STS-91
STS-111,"Kennedy , LC-39A",,5 June 2002 21:22:49 ( 2002-06-05UTC21:22:49Z ) UTC,"13 days, 20 hours, 35 minutes, 56 seconds","Edwards , Runway 22",,https://en.wikipedia.org/wiki/STS-111
STS-51L,,,,,,,
Soyuz 11,"Baikonur , Site 1/5",,"04:55:09, 6 June 1971 (UTC) ( 1971-06-06T04:55:09Z )","23 days, 18 hours, 21 minutes, 43 seconds","90 km (56 mi) southwest of Karazhal , Karaganda Oblast , Kazakh SSR , Soviet Union ( 47°21′23″N 70°07′16″E ﻿ / ﻿ 47.35639°N 70.12111°E ﻿ / 47.35639; 70.12111 ) (47.35639; 70.12111)",Soyuz,https://en.wikipedia.org/wiki/Soyuz%2011
Soyuz 17,"Baikonur , Site 1/5",,"10 January 1975, 21:43:37 UTC",29 days 13 hours 19 minutes 45 seconds,"110 km at the northeast of Tselinograd , Kazakhstan",Soyuz,https://en.wikipedia.org/wiki/Soyuz%2017
Soyuz 8,"Baikonur , Site 31/6",,"13 October 1969, 10:19:09 GMT",4 days 22 hours 50 minutes 49 seconds,"Kazakh Steppe , Kazakhstan",Soyuz,https://en.wikipedia.org/wiki/Soyuz%208
Soyuz TM4/3,,,,,,,
Soyuz 6,"Baikonur , Site 31/6",,"11 October 1969, 11:10:00 GMT",4 days 22 hours 42 minutes 47 seconds,"180 km at northwest of Karaganda , Kazakhstan",Soyuz,https://en.wikipedia.org/wiki/Soyuz%206
Soyuz 12,"Baikonur , Site 1/5",,"27 September 1973, 12:18:16 UTC",1 day 23 hours 15 minutes 32 seconds,"400 km at the southwest of Karaganda , Kazakhstan",Soyuz,https://en.wikipedia.org/wiki/Soyuz%2012
STS-19,,,,,,,
Soyuz 15,Baikonur 1/5,,"26 August 1974, 19:58:05 UTC","2 days, 12 minutes",48 km (30 mi) at the southwest of Tselinograd,Soyuz 11A511,https://en.wikipedia.org/wiki/Soyuz%2015
Soyuz 9,"Baikonur , Site 31/6",,"1 June 1970, 19:00:00 GMT","17 days, 16 hours, 58 minutes, 55 seconds",Steppes in Kazakhstan,Soyuz,https://en.wikipedia.org/wiki/Soyuz%209
STS60,"Kennedy , LC-39A",,"February 3, 1994, 12:10:00 UTC","8 days, 7 hours, 9 minutes, 22 seconds","Kennedy, SLF Runway 15",,https://en.wikipedia.org/wiki/STS%2060
STS88,"Kennedy , LC-39A",,"4 December 1998, 08:35:34 ( 1998-12-04UTC08:35:34Z ) UTC","11 days, 19 hours, 18 minutes, 47 seconds.","Kennedy, SLF Runway 15",,https://en.wikipedia.org/wiki/STS%2088
STS-41,"Kennedy , LC-39B",,"October 6, 1990, 11:47:15 ( 1990-10-06UTC11:47:15Z ) UTC (7:47:15 am EDT )","4 days, 2 hours, 10 minutes, 4 seconds","Edwards , Runway 22",,https://en.wikipedia.org/wiki/STS-41
STS-52,"Kennedy , LC-39B",,"October 22, 1992, 17:09:39 ( 1992-10-22UTC17:09:39Z ) UTC (1:09:39 pm EDT )","9 days, 20 hours, 56 minutes, 13 seconds","Kennedy, SLF Runway 33",,https://en.wikipedia.org/wiki/STS-52
STS-64,"Kennedy , LC-39B",,"9 September 1994, 22:22:35 ( 1994-09-09UTC22:22:35Z ) UTC","10 days, 22 hours, 49 minutes, 57 seconds","Edwards , Runway 4",,https://en.wikipedia.org/wiki/STS-64
STS-73,"Kennedy , LC-39B",,"20 October 1995, 13:53:00 ( 1995-10-20UTC13:53Z ) UTC","15 days, 21 hours, 53 minutes, 16 seconds","Kennedy, SLF Runway 33",,https://en.wikipedia.org/wiki/STS-73
STS-63,"Kennedy , LC-39B",,"February 3, 1995, 05:22:04 ( 1995-02-03UTC05:22:04Z ) UTC (12:22:04 am EST )","8 days, 6 hours, 28 minutes, 15 seconds","Kennedy, SLF Runway 15",,https://en.wikipedia.org/wiki/STS-63
STS-102,"Kennedy , LC-39B",,"8 March 2001, 11:42:09 ( 2001-03-08UTC11:42:09Z ) UTC (6:42:09 am EST )","12 days, 19 hours, 49 minutes, 32 seconds","Kennedy, SLF Runway 15",,https://en.wikipedia.org/wiki/STS-102
STS-113,"Kennedy , LC-39A",,"24 November 2002, 00:49:47 ( 2002-11-24UTC00:49:47Z ) UTC","13 days, 18 hours, 48 minutes, 38 seconds","Kennedy, SLF Runway 33",,https://en.wikipedia.org/wiki/STS-113
STS-62,"Kennedy , LC-39B",,"4 March 1994, 13:53:01 ( 1994-03-04UTC13:53:01Z ) UTC","13 days, 23 hours, 16 minutes, 41 seconds","Kennedy, SLF Runway 33",,https://en.wikipedia.org/wiki/STS-62
STS-81,"Kennedy , LC-39B",,"January 12, 1997, 09:27:23 ( 1997-01-12UTC09:27:23Z ) UTC","10 days, 4 hours, 56 minutes, 30 seconds","Kennedy, SLF Runway 33",,https://en.wikipedia.org/wiki/STS-81
STS-98,"Kennedy , LC-39A",,"7 February 2001, 23:13 ( 2001-02-07UTC23:13Z ) UTC","12 days, 21 hours, 21 minutes, 0 seconds","Edwards , Runway 22",,https://en.wikipedia.org/wiki/STS-98
STS-54,"Kennedy , LC-39B",,"January 13, 1993, 13:59:30 ( 1993-01-13UTC13:59:30Z ) UTC (8:59:30 am EST )","5 days, 23 hours, 38 minutes, 17 seconds","Kennedy, SLF Runway 33",,https://en.wikipedia.org/wiki/STS-54
Soyuz 13,"Baikonur , Site 1/5",,"18 December 1973, 11:55:00 UTC",7 days 20 hours 55 minutes 35 seconds,"200 km at the southwest of Karaganda , Kazakhstan",Soyuz,https://en.wikipedia.org/wiki/Soyuz%2013
STS-65,"Kennedy , LC-39A",,"8 July 1994, 16:43:01 ( 1994-07-08UTC16:43:01Z ) UTC","14 days, 17 hours, 55 minutes","Kennedy, SLF Runway 33",,https://en.wikipedia.org/wiki/STS-65
STS-79,"Kennedy , LC-39A",,"16 September 1996, 08:54:49 ( 1996-09-16UTC08:54:49Z ) UTC (4:54:49 am EDT )","10 days, 3 hours, 18 minutes and 24 seconds","Kennedy, SLF Runway 15",,https://en.wikipedia.org/wiki/STS-79
STS-51,"Kennedy , LC-39B",,"September 12, 1993, 11:45:00 UTC","9 days, 20 hours, 11 minutes, 6 seconds (achieved)","Kennedy, SLF Runway 15",,https://en.wikipedia.org/wiki/STS-51
Astro-1,,,,,,,
Astro-2,,,,,,,
STS-67,"Kennedy , LC-39A",,"March 2, 1995, 06:38:13 ( 1995-03-02UTC06:38:13Z ) UTC, 1:38:13 am EDT","16 days, 15 hours, 8 minutes, 48 seconds","Edwards , Runway 22",,https://en.wikipedia.org/wiki/STS-67
Soyuz 27,"Baikonur , Site 1/5",,"10 January 1978, 12:26:00 UTC",65 days,310 km at west of Tselinograd,Soyuz-U s/n D15000-106,https://en.wikipedia.org/wiki/Soyuz%2027
Soyuz TM33/32,,,,,,,
Soyuz TM-11/10,,,,,,,
STS-56,"Kennedy , LC-39B",,"April 8, 1993, 05:29:00 ( 1993-04-08UTC05:29Z ) UTC (1:29 am EDT )","9 days, 6 hours, 8 minutes, 19 seconds","Kennedy, SLF Runway 33",,https://en.wikipedia.org/wiki/STS-56
STS-59,"Kennedy , LC-39A",,"9 April 1994, 11:05 ( 1994-04-09UTC11:05Z ) UTC","11 days, 5 hours, 49 minutes, 30 seconds",Edwards Runway 22,,https://en.wikipedia.org/wiki/STS-59
STS-76,"Kennedy , LC-39B",,"22 March 1996, 08:13:03.999 UTC : 2","9 days, 5 hours, 15 minutes, 53 seconds (achieved)","Edwards , Runway 22",,https://en.wikipedia.org/wiki/STS-76
STS-108,"Kennedy , LC-39B",,5 December 2001 22:19:28 ( 2001-12-05UTC22:19:28Z ) UTC,"11 days, 19 hours, 36 minutes, 45 seconds","Kennedy, SLF Runway 15",,https://en.wikipedia.org/wiki/STS-108
STS-66,"Kennedy , LC-39B",,"November 3, 1994, 16:59:43.060 ( 1994-11-03UTC16:59:43Z ) UTC","10 days, 22 hours, 34 minutes, 2 seconds","Edwards , Runway 22",,https://en.wikipedia.org/wiki/STS-66
Soyuz TM-12/11,,,,,,,
STS-96,"Kennedy , LC-39B",,"27 May 1999, 10:49:42 ( 1999-05-27UTC10:49:42Z ) UTC","9 days, 19 hours, 13 minutes, 57 seconds","Kennedy, SLF Runway 15",,https://en.wikipedia.org/wiki/STS-96
STS-68,"Kennedy , LC-39A",,"September 30, 1994, 11:16:01 ( 1994-09-30UTC11:16:01Z ) UTC","11 days, 05 hours, 46 minutes, 08 seconds","Edwards , Runway 22",,https://en.wikipedia.org/wiki/STS-68
Soyuz TM13/12,,,,,,,
STS-70,"Kennedy , LC-39B",,"July 13, 1995, 13:41:55.078 ( 1995-07-13UTC13:41:55Z ) UTC, (9:41:55 am EDT )","8 days, 22 hours, 20 minutes, 05 seconds","Kennedy, SLF Runway 33",,https://en.wikipedia.org/wiki/STS-70
STS-78,"Kennedy , LC-39B",,"June 20, 1996, 14:49:00.0075 ( 1996-06-20UTC14:49Z ) UTC","16 days, 21 hours, 48 minutes, 30 seconds","Kennedy, SLF Runway 33",,https://en.wikipedia.org/wiki/STS-78
STS-101,"Kennedy , LC-39A",,"19 May 2000, 10:11:10 ( 2000-05-19UTC10:11:10Z ) UTC , 06:11:10 am EDT","9 days, 21 hours, 10 minutes, 10 seconds","Kennedy, SLF Runway 15",,https://en.wikipedia.org/wiki/STS-101
Soyuz 21,Baikonur 1/5,,"6 July 1976, 12:08:45 UTC","49 days, 6 hours and 23 minutes","200 km at the southwest of Kokshetau , Kazakhstan",Soyuz 11A511,https://en.wikipedia.org/wiki/Soyuz%2021
Soyuz 28,Baikonur 1/5,,"2 March 1978, 15:28:10 ( 1978-03-02UTC15:28:10Z ) UTC","7 days, 22 hours and 16 minutes",51°03′N 66°42′E ﻿ / ﻿ 51.05°N 66.7°E ﻿ / 51.05; 66.7 (51.05; 66.7),Soyuz-U,https://en.wikipedia.org/wiki/Soyuz%2028
Soyuz 25,Baikonur 1/5,,"October 9, 1977, 02:40:35 ( 1977-10-09UTC02:40:35Z ) UTC","2 days, 44 minutes, 45 seconds",185 kilometres (115 mi) NW of Tselinograd,Soyuz-U,https://en.wikipedia.org/wiki/Soyuz%2025
Soyuz TM-14/13,,,,,,,
STS-72,"Kennedy , LC-39B",,"11 January 1996, 09:41:00.072 ( 1996-01-11UTC09:41Z ) UTC","8 days, 22 hours, 01 minute, 47 seconds","Kennedy, SLF Runway 15",,https://en.wikipedia.org/wiki/STS-72
STS-92,"Kennedy , LC-39A",,"11 October 2000, 23:17:00 ( 2000-10-11UTC23:17Z ) UTC (6:17 pm EST )","12 days, 21 hours, 42 minutes, 42 seconds","Edwards , Runway 22",,https://en.wikipedia.org/wiki/STS-92
STS-23,,,,,,,
STS-103,"Kennedy , LC-39B",,20 December 1999 00:50:00 ( 1999-12-20UTC00:50Z ) UTC,"7 days, 23 hours, 11 minutes, 34 seconds","Kennedy, SLF Runway 33",,https://en.wikipedia.org/wiki/STS-103
Soyuz 20,Baikonur 1/5,,"17 November 1975, 14:36:37 UTC","90 days, 11 hours and 47 minutes","56 km at the southwest of Arkalyk , Kazakhstan",Soyuz-U,https://en.wikipedia.org/wiki/Soyuz%2020
Soyuz 26,Baikonur 1/5,,"10 December 1977, 01:18:40 ( 1977-12-10UTC01:18:40Z ) UTC","37 days, 10 hours, 6 minutes, 18 seconds",265 kilometres (165 mi) W of Tselinograd,Soyuz-U,https://en.wikipedia.org/wiki/Soyuz%2026
Antares,,,,,,,https://en.wikipedia.org/wiki/Antares
sts-46,"Kennedy , LC-39B",,"July 31, 1992, 13:56:48 ( 1992-07-31UTC13:56:48Z ) UTC (9:56:48 am EDT )","7 days, 23 hours, 15 minutes, 2 seconds","Kennedy, SLF Runway 33",,https://en.wikipedia.org/wiki/STS%2046
STS-85,"Kennedy , LC-39A",,"7 August 1997, 14:41 ( 1997-08-07UTC14:41Z ) UTC","11 days, 20 hours, 28 minutes, 7 seconds","Kennedy, SLF Runway 33",,https://en.wikipedia.org/wiki/STS-85
STS-99,"Kennedy , LC-39A",,"11 February 2000, 17:43 ( 2000-02-11UTC17:43Z ) UTC","11 days, 5 hours, 39 minutes, 41 seconds","Kennedy, SLF Runway 33",,https://en.wikipedia.org/wiki/STS-99
STS-115,"Kennedy , LC-39B",,"September 9, 2006, 15:14:55 ( 2006-09-09UTC15:14:55Z ) UTC","11 days, 19 hours, 6 minutes, 35 seconds","Kennedy, SLF Runway 33",,https://en.wikipedia.org/wiki/STS-115
STS-84,"Kennedy , LC-39A",,"15 May 1997, 09:07:48.62 ( 1997-05-15UTC09:07:48Z ) UTC","9 days, 4 hours, 19 minutes, 55 seconds","Kennedy, SLF Runway 33",,https://en.wikipedia.org/wiki/STS-84
STS-122,"Kennedy , LC-39A",,"February 7, 2008, 19:45 ( 2008-02-07UTC19:45Z ) UTC 2:45:30 pm EDT","12 days, 18 hours, 21 minutes, 50 seconds","Kennedy, SLF Runway 15",,https://en.wikipedia.org/wiki/STS-122
STS-109,"Kennedy , LC-39A",,"1 March 2002 11:22:02 ( 2002-03-01UTC11:22:02Z ) UTC, 6:22:02 am EST","10 days, 22 hours, 11 minutes, 09 seconds","Kennedy, SLF Runway 33",,https://en.wikipedia.org/wiki/STS-109
STS-83,"Kennedy , LC-39A",,"April 4, 1997, 19:20:32 ( 1997-04-04UTC19:20:32Z ) UTC (14:20:32 EST )","Actual: 3 days, 23 hours, 12 minutes and 39 seconds Planned: 15 days and 16 hours","Kennedy, SLF Runway 33",,https://en.wikipedia.org/wiki/STS-83
STS-94,"Kennedy , LC-39A",,"1 July 1997, 18:02:00 ( 1997-07-01UTC18:02Z ) UTC (2:02 pm EDT )","15 days, 16 hours, 44 minutes and 34 seconds","Kennedy, SLF Runway 33",,https://en.wikipedia.org/wiki/STS-94
Soyuz TM-17 / Soyuz TM-16,,,,,,,
STS-90,"Kennedy , LC-39B",,"April 17, 1998, 18:19 ( 1998-04-17UTC18:19Z ) UTC","15 days, 21 hours, 50 minutes, 58 seconds","Kennedy, SLF Runway 33",,https://en.wikipedia.org/wiki/STS-90
STS-112,"Kennedy , LC-39B",,"7 October 2002, 19:45:51 ( 2002-10-07UTC19:45:51Z ) UTC","10 days, 19 hours, 58 minutes, 44 seconds","Kennedy, SLF Runway 33",,https://en.wikipedia.org/wiki/STS-112
STS-127,"Kennedy , LC-39A",,"July 15, 2009, 22:03 ( 2009-07-15UTC22:03Z ) UTC","15 days, 16 hours, 44 minutes, 58 seconds","Kennedy, SLF Runway 15",,https://en.wikipedia.org/wiki/STS-127
Mir EO-15,,,,,,,
Mir EO-21,,Mir,,"193.8 days (Onufrienko, Usachyov) (launch to landing)",,,https://en.wikipedia.org/wiki/Mir%20EO-21
STS 101,"Kennedy , LC-39A",,"19 May 2000, 10:11:10 ( 2000-05-19UTC10:11:10Z ) UTC , 06:11:10 am EDT","9 days, 21 hours, 10 minutes, 10 seconds","Kennedy, SLF Runway 15",,https://en.wikipedia.org/wiki/STS%20101
Soyuz 16,Baikonur 1/5,,"2 December 1974, 09:40:00 UTC","5 days, 22 hours and 23 minutes","30 km (19 mi) of the northeast of Arkalyk , Kazakhstan",Soyuz-U,https://en.wikipedia.org/wiki/Soyuz%2016
STS106,"Kennedy , LC-39B",,"8 September 2000, 12:45:47 ( 2000-09-08UTC12:45:47Z ) UTC","11 days, 19 hours, 12 minutes, 15 seconds","Kennedy, SLF Runway 15",,https://en.wikipedia.org/wiki/STS%20106
Soyuz 32,Baikonur 1/5,,"February 25, 1979, 11:53:49 ( 1979-02-25UTC11:53:49Z ) UTC","Capsule: 108 days, 4 hours and 24 minutes Original crew: 175 days, 35 minutes",170 km (110 mi) SE of Dzhezkazgan,Soyuz-U,https://en.wikipedia.org/wiki/Soyuz%2032
Soyuz 46,,,,,,,
Soyuz TM32/31,,,,,,,
STS-106,"Kennedy , LC-39B",,"8 September 2000, 12:45:47 ( 2000-09-08UTC12:45:47Z ) UTC","11 days, 19 hours, 12 minutes, 15 seconds","Kennedy, SLF Runway 15",,https://en.wikipedia.org/wiki/STS-106
STS-100,"Kennedy , LC-39A",,"19 April 2001, 18:40:42 ( 2001-04-19UTC18:40:42Z ) UTC","11 days, 21 hours, 31 minutes, 14 seconds","Edwards , Runway 22",,https://en.wikipedia.org/wiki/STS-100
STS-120,"Kennedy , LC-39A",,"October 23, 2007, 15:38:19 ( 2007-10-23UTC15:38:19Z ) UTC","15 days, 2 hours, 24 minutes","Kennedy, SLF Runway 33",,https://en.wikipedia.org/wiki/STS-120
STS-114,"Kennedy , LC-39B",,"July 26, 2005, 14:39:00 ( 2005-07-26UTC14:39Z ) UTC","13 days, 21 hours, 32 minutes, 48 seconds","Edwards , Runway 22",,https://en.wikipedia.org/wiki/STS-114
STS-125,"Kennedy , LC-39A",,"May 11, 2009, 18:01:56 ( 2009-05-11UTC18:01:56Z ) UTC 2:01:56 pm EST","12 days, 21 hours, 37 minutes, 9 seconds","Edwards , Runway 22",,https://en.wikipedia.org/wiki/STS-125
STS-87,"Kennedy , LC-39B",,"19 November 1997, 19:46 ( 1997-11-19UTC19:46Z ) UTC","15 days, 16 hours, 35 minutes, 01 seconds","Kennedy, SLF Runway 33",,https://en.wikipedia.org/wiki/STS-87
Soyuz  3,,,,,,,
STS-104,"Kennedy , LC-39B",,"12 July 2001, 09:04 ( 2001-07-12UTC09:04Z ) UTC","12 days, 18 hours, 36 minutes, 39 seconds","Kennedy, SLF Runway 15",,https://en.wikipedia.org/wiki/STS-104
Soyuz 34,Baikonur 31/6,,"June 6, 1979, 18:12:41 ( 1979-06-06UTC18:12:41Z ) UTC","73 days, 18 hours and 16 minutes",170 km (110 mi) SE of Dzhezkazgan,Soyuz-U,https://en.wikipedia.org/wiki/Soyuz%2034
Soyuz 38,Baikonur 1/5,,"September 18, 1980, 19:11:03 ( 1980-09-18UTC19:11:03Z ) UTC","7 days, 20 hours, 43 minutes, 24 seconds",175 km SE of Dzhezkazgan,Soyuz-U,https://en.wikipedia.org/wiki/Soyuz%2038
STS-105,"Kennedy , LC-39A",,"10 August 2001, 21:10:14 ( 2001-08-10UTC21:10:14Z ) UTC","11 days, 21 hours, 13 minutes, 52 seconds","Kennedy, SLF Runway 15",,https://en.wikipedia.org/wiki/STS-105
STS-123,"Kennedy , LC-39A",,"March 11, 2008, 06:28:14 ( 2008-03-11UTC06:28:14Z ) UTC","15 days, 18 hours, 12 minutes, 27 seconds","Kennedy, SLF Runway 15",,https://en.wikipedia.org/wiki/STS-123
Soyuz TM-24/23,,,,,,,
Soyuz TM-33/32,,,,,,,
Soyuz TM-25/24,,,,,,,
Soyuz 35,Baikonur 31/6,,"April 9, 1980, 13:38:22 ( 1980-04-09UTC13:38:22Z ) UTC","Capsule: 55 days, 1 hour and 28 minutes Original crew: 184 days, 20 hours, 11 minutes",180 km (110 mi) SE of Dzhezkazgan,Soyuz-U,https://en.wikipedia.org/wiki/Soyuz%2035
STS-116,"Kennedy , LC-39B",,"December 10, 2006, 01:47:35 ( 2006-12-10UTC01:47:35Z ) UTC","12 days, 20 hours, 44 minutes, 16 seconds","Kennedy, SLF Runway 15",,https://en.wikipedia.org/wiki/STS-116
STS-130,"Kennedy , LC-39A",,"February 8, 2010, 09:14:08 ( 2010-02-08UTC09:14:08Z ) UTC 4:14:08 am EDT","13 days, 18 hours, 6 minutes, 22 seconds","Kennedy, SLF Runway 15",,https://en.wikipedia.org/wiki/STS-130
STS-121,"Kennedy , LC-39B",,"July 4, 2006, 18:37:55 ( 2006-07-04UTC18:37:55Z ) UTC","12 days, 18 hours, 37 minutes, 54 seconds","Kennedy, SLF Runway 15",,https://en.wikipedia.org/wiki/STS-121
STS-133,"Kennedy , LC-39A",,"February 24, 2011, 21:53:24 ( 2011-02-24UTC21:53:24Z ) UTC","12 days, 19 hours, 4 minutes, 50 seconds","Kennedy, SLF Runway 15",,https://en.wikipedia.org/wiki/STS-133
STS-107,"Kennedy , LC-39A",,"January 16, 2003 15:39:00 ( 2003-01-16UTC15:39Z ) UTC","15 days, 22 hours, 20 minutes, 32 seconds","Kennedy, SLF Runway 33 (planned)",,https://en.wikipedia.org/wiki/STS-107
STS87,"Kennedy , LC-39B",,"19 November 1997, 19:46 ( 1997-11-19UTC19:46Z ) UTC","15 days, 16 hours, 35 minutes, 01 seconds","Kennedy, SLF Runway 33",,https://en.wikipedia.org/wiki/STS%2087
STS-117,"Kennedy , LC-39A",,"June 8, 2007, 23:38:04 ( 2007-06-08UTC23:38:04Z ) UTC","13 days, 20 hours, 12 minutes, 44 seconds","Edwards , Runway 22",,https://en.wikipedia.org/wiki/STS-117
Soyuz TM-27/26,,,,,,,
STS-118,"Kennedy , LC-39A",,"August 8, 2007, 22:36:42 ( 2007-08-08UTC22:36:42Z ) UTC","12 days, 17 hours, 55 minutes, 34 seconds","Kennedy, SLF Runway 15",,https://en.wikipedia.org/wiki/STS-118
Soyuz 31,Baikonur 1/5,,"26 August 1978, 14:51:30 ( 1978-08-26UTC14:51:30Z ) UTC","Capsule: 67 days, 20 hours and 12 minutes Original crew: 7 days, 20 hours and 49 minutes",140 km (87 mi) SE of Dzhezkazgan,Soyuz-U,https://en.wikipedia.org/wiki/Soyuz%2031
Soyuz 43,,,,,,,
Soyuz TMA-3/2,,,,,,,
STS-128,"Kennedy , LC-39A",,"August 29, 2009, 03:59 ( 2009-08-29UTC03:59Z ) UTC","13 days, 20 hours, 54 minutes, 55 seconds","Edwards , Runway 22",,https://en.wikipedia.org/wiki/STS-128
STS96,"Kennedy , LC-39B",,"27 May 1999, 10:49:42 ( 1999-05-27UTC10:49:42Z ) UTC","9 days, 19 hours, 13 minutes, 57 seconds","Kennedy, SLF Runway 15",,https://en.wikipedia.org/wiki/STS%2096
Soyuz TMA1/TM34,,,,,,,
Soyuz 47,,,,,,,
STS-131,"Kennedy , LC-39A",,"April 5, 2010, 10:21:22 ( 2010-04-05UTC10:21:22Z ) UTC","15 days, 2 hours, 47 minutes, 9 seconds","Kennedy, SLF Runway 15",,https://en.wikipedia.org/wiki/STS-131
Soyuz 29,Baikonur 1/5,,"15 June 1978, 20:16:45 ( 1978-06-15UTC20:16:45Z ) UTC","Capsule: 79 days, 15 hours and 23 minutes Original crew: 139 days, 14 hours and 47 minutes",46°42′N 68°42′E ﻿ / ﻿ 46.7°N 68.7°E ﻿ / 46.7; 68.7 (46.7; 68.7),Soyuz-U,https://en.wikipedia.org/wiki/Soyuz%2029
STS-119,"Kennedy , LC-39A",,"March 15, 2009, 23:43 ( 2009-03-15UTC23:43Z ) UTC","12 days, 19 hours, 29 minutes, 33 seconds","Kennedy, SLF Runway 15",,https://en.wikipedia.org/wiki/STS-119
STS100,"Kennedy , LC-39A",,"19 April 2001, 18:40:42 ( 2001-04-19UTC18:40:42Z ) UTC","11 days, 21 hours, 31 minutes, 14 seconds","Edwards , Runway 22",,https://en.wikipedia.org/wiki/STS%20100
STS-129,"Kennedy , LC-39A",,"November 16, 2009, 19:28:09 ( 2009-11-16UTC19:28:09Z ) UTC","10 days, 19 hours, 16 minutes, 13 seconds","Kennedy, SLF Runway 33",,https://en.wikipedia.org/wiki/STS-129
STS-124,"Kennedy , LC-39A",,"May 31, 2008, 21:02:12 ( 2008-05-31UTC21:02:12Z ) UTC","13 days, 18 hours, 13 minutes 7 seconds","Kennedy, SLF Runway 15",,https://en.wikipedia.org/wiki/STS-124
STS-134,"Kennedy , LC-39A",,"May 16, 2011, 12:56:28 ( 2011-05-16UTC12:56:28Z ) UTC","15 days, 17 hours, 38 minutes, 51 seconds","Kennedy, SLF Runway 15",,https://en.wikipedia.org/wiki/STS-134
STS-135,"Kennedy , LC-39A",,"July 8, 2011 15:29:04 ( 2011-07-08UTC15:29:04Z ) UTC , 11:29:04 am EDT","12 days, 18 hours, 28 minutes, 50 seconds","Kennedy, SLF Runway 15",,https://en.wikipedia.org/wiki/STS-135
Soyuz TMA-34/TM-33,,,,,,,
Soyuz TMA-6/TMA-5,,,,,,,
Soyuz TM-34 / Soyuz TM-33,,,,,,,
Soyuz 50,,,,,,,
STS-132,"Kennedy , LC-39A",,"May 14, 2010, 18:20 ( 2010-05-14UTC18:20Z ) UTC","11 days, 18 hours, 29 minutes, 9 seconds","Kennedy, SLF Runway 33",,https://en.wikipedia.org/wiki/STS-132
STS112,"Kennedy , LC-39B",,"7 October 2002, 19:45:51 ( 2002-10-07UTC19:45:51Z ) UTC","10 days, 19 hours, 58 minutes, 44 seconds","Kennedy, SLF Runway 33",,https://en.wikipedia.org/wiki/STS%20112
Soyuz 36,Baikonur 31/6,,"26 May 1980, 18:20:39 ( 1980-05-26UTC18:20:39Z ) UTC","65 days, 20 hours, 54 minutes, 23 seconds",140 kilometres (87 mi) SE of Dzhezkazgan,Soyuz-U,https://en.wikipedia.org/wiki/Soyuz%2036
Soyuz 51,,,,,,,
Soyuz TMA-1/TM-34,,,,,,,
STS-126,"Kennedy , LC-39A",,"15 November 2008, 00:55:39 UTC","15 days, 20 hours, 30 minutes, 30 seconds (achieved)","Edwards , Runway 4L",,https://en.wikipedia.org/wiki/STS-126
Soyuz 30,Baikonur 1/5,,"27 June 1978, 15:27:21 ( 1978-06-27UTC15:27:21Z ) UTC","7 days, 22 hours and 2 minutes",300 km (190 mi) W of Tselinograd,Soyuz-U,https://en.wikipedia.org/wiki/Soyuz%2030
Shenzhou 5,Jiuquan LA-4/SLS-1,,"15 October 2003, 01:00:03 ( 2003-10-15UTC01:00:03Z ) UTC","21 hours, 22 minutes, 45 seconds","15 October 2003, 22:22:48 ( 2003-10-15UTC22:22:49Z ) UTC",Long March 2F,https://en.wikipedia.org/wiki/Shenzhou%205
Soyuz TMA-4/TMA-3,,,,,,,
Soyuz TMA5,,,,,,,
Shenzhou 6,Jiuquan LA-4/SLS-1,,"October 12, 2005, 01:00:05.583 ( 2005-10-12UTC01:00:05Z ) UTC","4 days, 19 hours, 33 minutes","Amugulang pasture, Hongger Township Siziwang Banner , Inner Mongolia",Chang Zheng 2F,https://en.wikipedia.org/wiki/Shenzhou%206
Shenzhou 10,Jiuquan LA-4/SLS,,"11 June 2013, 09:38:02 ( 2013-06-11UTC09:38:02Z ) UTC","14 days, 14 hours, 29 minutes",Inner Mongolia,Long March 2F,https://en.wikipedia.org/wiki/Shenzhou%2010
Soyuz TMA-8,Baikonur 1/5,,"March 30, 2006, 02:30 ( 2006-03-30UTC02:30Z ) UTC",182 days,Kazakhstan,Soyuz-FG,https://en.wikipedia.org/wiki/Soyuz%20TMA-8
Soyuz 37,Baikonur 1/5,,"July 23, 1980, 18:33:03 ( 1980-07-23UTC18:33:03Z ) UTC","79 days, 15 hours, 16 minutes, 54 seconds",180 kilometres (110 mi) SE of Dzhezkazgan,Soyuz-U,https://en.wikipedia.org/wiki/Soyuz%2037
Soyuz 39,Baikonur 1/5,,"22 March 1981, 14:58:55 ( 1981-03-22UTC14:58:55Z ) UTC","7 days, 20 hours, 42 minutes, 3 seconds",175 km SE of Dzhezkazgan,Soyuz-U,https://en.wikipedia.org/wiki/Soyuz%2039
Soyuz TMA-11/10,,,,,,,
Soyuz 52,,,,,,,
Soyuz 45,,,,,,,
Soyuz 44,,,,,,,
Soyuz 57,,,,,,,
Soyuz TMA-12 / Soyuz TMA-11,,,,,,,
Shenzhou 7,Jiuquan LA-4/SLS-1,,"25 September 2008, 13:10:04.988 ( 2008-09-25UTC13:10:04Z ) UTC","2 days, 20 hours, 27 minutes",Siziwang Banner Central Inner Mongolia,Long March 2F,https://en.wikipedia.org/wiki/Shenzhou%207
Shenzhou 9,Jiuquan LA-4/SLS-1,,"16 June 2012, 10:37:24 ( 2012-06-16UTC10:37:24Z ) UTC","12 days, 15 hours and 25 minutes","29 June 2012, 02:01:16 ( 2012-06-29UTC02:01:17Z ) UTC",Long March 2F,https://en.wikipedia.org/wiki/Shenzhou%209
Shenzhou 11,Jiuquan LA-4/SLS,,"16 October 2016, 23:30 UTC","32 days, 6 hours and 29 minutes",Inner Mongolia,Long March 2F,https://en.wikipedia.org/wiki/Shenzhou%2011
Soyuz 49,,,,,,,
Soyuz 53,,,,,,,
Soyuz 55,,,,,,,
Soyuz 33,Baikonur 1/5,,"April 10, 1979, 17:34:34 ( 1979-04-10UTC17:34:34Z ) UTC","1 day, 23 hours and 1 minute",320 km (200 mi) SE of Dzhezkazgan,Soyuz-U,https://en.wikipedia.org/wiki/Soyuz%2033
Soyuz 40,Baikonur 1/5,,"14 May 1981, 17:16:38 ( 1981-05-14UTC17:16:38Z ) UTC","7 days, 20 hours and 41 minutes",225 km SE of Dzhezkazgan,Soyuz-U,https://en.wikipedia.org/wiki/Soyuz%2040
Soyuz TMA-16/14,,,,,,,
Soyuz 41,,,,,,,
Soyuz 42,,,,,,,
Soyuz 60,,,,,,,
Soyuz 61,,,,,,,
Soyuz 54,,,,,,,
Soyuz 48,,,,,,,
Soyuz 56,,,,,,,
Soyuz TMA-18M/16M,,,,,,,
Soyuz 59,,,,,,,
EP-19,,,,,,,
